{"client":"Thunder Client","collectionName":"travel_agency","dateExported":"2022-04-06T12:25:32.813Z","version":"1.1","folders":[],"requests":[{"containerId":"","sortNum":20000,"headers":[{"name":"Accept","value":"*/*"},{"name":"User-Agent","value":"Thunder Client (https://www.thunderclient.com)"}],"colId":"cea263c3-6a80-4810-a653-f8261cae13a8","name":"Create journey","url":"http://127.0.0.1:8000/api/journey","method":"POST","modified":"2022-04-06T11:47:23.330Z","created":"2022-04-06T07:40:07.793Z","_id":"a6642392-c2f2-471e-8bbe-1d472f86f82f","params":[],"body":{"type":"json","raw":"{\n   \"vehicle\": 4,\n   \"country\": \"Németország\",\n   \"description\": \"A festői szépségű német főváros…\",\n   \"departure\": \"2022-08-10\",\n   \"capacity\" : 300,\n   \"pictureUrl\": \"https://pictures.com/berlin.jpg\"\n}","form":[]},"tests":[]},{"containerId":"","sortNum":30000,"headers":[{"name":"Accept","value":"*/*"},{"name":"User-Agent","value":"Thunder Client (https://www.thunderclient.com)"}],"colId":"cea263c3-6a80-4810-a653-f8261cae13a8","name":"Delete journey","url":"http://127.0.0.1:8000/api/journey/22","method":"DELETE","modified":"2022-04-06T12:25:26.355Z","created":"2022-04-06T07:40:34.953Z","_id":"9fd57b23-5bb9-4303-a913-55d07568cb35","params":[],"tests":[]},{"containerId":"","sortNum":40000,"headers":[{"name":"Accept","value":"*/*"},{"name":"User-Agent","value":"Thunder Client (https://www.thunderclient.com)"}],"colId":"cea263c3-6a80-4810-a653-f8261cae13a8","name":"Find journeys by vehicle type","url":"http://127.0.0.1:8000/api/journeys/1","method":"GET","modified":"2022-04-06T12:25:13.610Z","created":"2022-04-06T11:54:37.490Z","_id":"6e59c226-6ea1-457d-af16-047cbe487081","params":[],"tests":[]}]}
